{
  "acc": 0.6029350971475816,
  "macro_f1": 0.559773272794531,
  "weighted_f1": 0.6021618981382001,
  "top5_acc": 0.8156262918561389
}