{
  "acc": 0.6127799016930638,
  "macro_f1": 0.6176695652427416,
  "weighted_f1": 0.6078675597312352
}