{
  "acc": 0.7089706490285241,
  "macro_f1": 0.6966053219250087,
  "weighted_f1": 0.7051965007134691,
  "top5_acc": 0.9018189334435717
}