{
  "acc": 0.6666666666666666,
  "macro_f1": 0.6618186404145253,
  "weighted_f1": 0.6618186404145254
}