{
  "acc": 0.739561802397685,
  "macro_f1": 0.7217815292200924,
  "weighted_f1": 0.7334702476745736,
  "top5_acc": 0.9080198429102935
}