{
  "acc": 0.6095030038230476,
  "macro_f1": 0.6163010143670276,
  "weighted_f1": 0.605041387782921
}