{
  "acc": 0.6545454545454545,
  "macro_f1": 0.636748166655829,
  "weighted_f1": 0.636748166655829
}