{
  "acc": 0.5814386109962795,
  "macro_f1": 0.5574961491747367,
  "weighted_f1": 0.5804263507648824,
  "top5_acc": 0.8050847457627118
}