{
  "acc": 0.6482796286182414,
  "macro_f1": 0.6584483661559477,
  "weighted_f1": 0.6471129853380628
}