{
  "acc": 0.656969696969697,
  "macro_f1": 0.6334519389619275,
  "weighted_f1": 0.6334519389619274
}