{
  "acc": 0.7175757575757575,
  "macro_f1": 0.7092467544420151,
  "weighted_f1": 0.709246754442015
}