{
  "acc": 0.7606448945845391,
  "macro_f1": 0.7362702388869756,
  "weighted_f1": 0.7564426953181405,
  "top5_acc": 0.9185613890037205
}