{
  "acc": 0.6690909090909091,
  "macro_f1": 0.6582894118591741,
  "weighted_f1": 0.6582894118591741
}