{
  "acc": 0.5483342435827416,
  "macro_f1": 0.56086561809347,
  "weighted_f1": 0.5445097741844678
}