{
  "acc": 0.5499726925177498,
  "macro_f1": 0.5631317982603842,
  "weighted_f1": 0.5441164508273227
}